alvarado_321,a0abafe8-bdeb-459f-8cda-c283cd952603
ytalo1909,afbc9fec-eaaa-35ef-9e2e-251d7dc5346e
zitruoc,00a22b8c-bbd5-4abc-bf62-e6e0dbf71105
joacoelpro_gamer,ba33b044-379d-31c6-b64f-e70bbba7ec55
survival,a6b8dcd1-be70-3650-9b6a-fbc2e4d01389
lorddamager,cc519e03-8da3-3ff1-8f33-eb8f152a5521
florensia_321,a0abafe8-bdeb-459f-8cda-c283cd952603
mranthonny,e9eb7ff5-d26b-363d-9015-34dcb4fd6df1
byangelc,3045c6fd-b837-3ad8-b29e-d7f647d0e868
annagaming23,33316620-90ef-3b5c-a132-92330858f498
ttdpal,0a506f37-63a9-392b-bd6f-fcf6d94c0e71
paintergirl15,b594550c-4de6-3c1c-ac02-906a5a793094
pascualuser,1ad2c465-3233-32cd-b09a-5f17ba5dbbe5
s5048218,e3c6c051-8cb5-3246-ae49-d01b92c2709f
norberloes,76ae5bd8-f01d-3db4-962f-551ac1f97c99
tronadox,94f510a3-82e1-3833-b9f9-993a3e082839
